{"cameraMode":{"drawMode":0,"name":"Shaded","section":"Shading Mode"},"sceneLighting":true,"audioPlay":false,"sceneViewState":{"m_AlwaysRefresh":false,"showFog":true,"showSkybox":true,"showFlares":true,"showImageEffects":true,"showParticleSystems":true,"showVisualEffectGraphs":true,"m_FxEnabled":true},"in2DMode":false,"pivot":{"x":13.379125595092774,"y":23.822166442871095,"z":28.07809829711914},"rotation":{"x":0.26398879289627077,"y":-0.10560338199138642,"z":0.029210103675723077,"w":0.9583503007888794},"size":6.833896636962891,"orthographic":false}